"GEO_ID","id"
"NAME","Geographic Area Name"
"S1501_C01_001E","Total!!Estimate!!Population 18 to 24 years"
"S1501_C01_001M","Total!!Margin of Error!!Population 18 to 24 years"
"S1501_C01_002E","Total!!Estimate!!Population 18 to 24 years!!Less than high school graduate"
"S1501_C01_002M","Total!!Margin of Error!!Population 18 to 24 years!!Less than high school graduate"
"S1501_C01_003E","Total!!Estimate!!Population 18 to 24 years!!High school graduate (includes equivalency)"
"S1501_C01_003M","Total!!Margin of Error!!Population 18 to 24 years!!High school graduate (includes equivalency)"
"S1501_C01_004E","Total!!Estimate!!Population 18 to 24 years!!Some college or associate's degree"
"S1501_C01_004M","Total!!Margin of Error!!Population 18 to 24 years!!Some college or associate's degree"
"S1501_C01_005E","Total!!Estimate!!Population 18 to 24 years!!Bachelor's degree or higher"
"S1501_C01_005M","Total!!Margin of Error!!Population 18 to 24 years!!Bachelor's degree or higher"
"S1501_C01_006E","Total!!Estimate!!Population 25 years and over"
"S1501_C01_006M","Total!!Margin of Error!!Population 25 years and over"
"S1501_C01_007E","Total!!Estimate!!Population 25 years and over!!Less than 9th grade"
"S1501_C01_007M","Total!!Margin of Error!!Population 25 years and over!!Less than 9th grade"
"S1501_C01_008E","Total!!Estimate!!Population 25 years and over!!9th to 12th grade, no diploma"
"S1501_C01_008M","Total!!Margin of Error!!Population 25 years and over!!9th to 12th grade, no diploma"
"S1501_C01_009E","Total!!Estimate!!Population 25 years and over!!High school graduate (includes equivalency)"
"S1501_C01_009M","Total!!Margin of Error!!Population 25 years and over!!High school graduate (includes equivalency)"
"S1501_C01_010E","Total!!Estimate!!Population 25 years and over!!Some college, no degree"
"S1501_C01_010M","Total!!Margin of Error!!Population 25 years and over!!Some college, no degree"
"S1501_C01_011E","Total!!Estimate!!Population 25 years and over!!Associate's degree"
"S1501_C01_011M","Total!!Margin of Error!!Population 25 years and over!!Associate's degree"
"S1501_C01_012E","Total!!Estimate!!Population 25 years and over!!Bachelor's degree"
"S1501_C01_012M","Total!!Margin of Error!!Population 25 years and over!!Bachelor's degree"
"S1501_C01_013E","Total!!Estimate!!Population 25 years and over!!Graduate or professional degree"
"S1501_C01_013M","Total!!Margin of Error!!Population 25 years and over!!Graduate or professional degree"
"S1501_C01_014E","Total!!Estimate!!Percent high school graduate or higher"
"S1501_C01_014M","Total!!Margin of Error!!Percent high school graduate or higher"
"S1501_C01_015E","Total!!Estimate!!Percent bachelor's degree or higher"
"S1501_C01_015M","Total!!Margin of Error!!Percent bachelor's degree or higher"
"S1501_C01_016E","Total!!Estimate!!Population 25 to 34 years"
"S1501_C01_016M","Total!!Margin of Error!!Population 25 to 34 years"
"S1501_C01_017E","Total!!Estimate!!Population 25 to 34 years!!High school graduate or higher"
"S1501_C01_017M","Total!!Margin of Error!!Population 25 to 34 years!!High school graduate or higher"
"S1501_C01_018E","Total!!Estimate!!Population 25 to 34 years!!Bachelor's degree or higher"
"S1501_C01_018M","Total!!Margin of Error!!Population 25 to 34 years!!Bachelor's degree or higher"
"S1501_C01_019E","Total!!Estimate!!Population 35 to 44 years"
"S1501_C01_019M","Total!!Margin of Error!!Population 35 to 44 years"
"S1501_C01_020E","Total!!Estimate!!Population 35 to 44 years!!High school graduate or higher"
"S1501_C01_020M","Total!!Margin of Error!!Population 35 to 44 years!!High school graduate or higher"
"S1501_C01_021E","Total!!Estimate!!Population 35 to 44 years!!Bachelor's degree or higher"
"S1501_C01_021M","Total!!Margin of Error!!Population 35 to 44 years!!Bachelor's degree or higher"
"S1501_C01_022E","Total!!Estimate!!Population 45 to 64 years"
"S1501_C01_022M","Total!!Margin of Error!!Population 45 to 64 years"
"S1501_C01_023E","Total!!Estimate!!Population 45 to 64 years!!High school graduate or higher"
"S1501_C01_023M","Total!!Margin of Error!!Population 45 to 64 years!!High school graduate or higher"
"S1501_C01_024E","Total!!Estimate!!Population 45 to 64 years!!Bachelor's degree or higher"
"S1501_C01_024M","Total!!Margin of Error!!Population 45 to 64 years!!Bachelor's degree or higher"
"S1501_C01_025E","Total!!Estimate!!Population 65 years and over"
"S1501_C01_025M","Total!!Margin of Error!!Population 65 years and over"
"S1501_C01_026E","Total!!Estimate!!Population 65 years and over!!High school graduate or higher"
"S1501_C01_026M","Total!!Margin of Error!!Population 65 years and over!!High school graduate or higher"
"S1501_C01_027E","Total!!Estimate!!Population 65 years and over!!Bachelor's degree or higher"
"S1501_C01_027M","Total!!Margin of Error!!Population 65 years and over!!Bachelor's degree or higher"
"S1501_C01_028E","Total!!Estimate!!RACE AND HISPANIC OR LATINO ORIGIN BY EDUCATIONAL ATTAINMENT!!White alone"
"S1501_C01_028M","Total!!Margin of Error!!RACE AND HISPANIC OR LATINO ORIGIN BY EDUCATIONAL ATTAINMENT!!White alone"
"S1501_C01_029E","Total!!Estimate!!RACE AND HISPANIC OR LATINO ORIGIN BY EDUCATIONAL ATTAINMENT!!White alone!!High school graduate or higher"
"S1501_C01_029M","Total!!Margin of Error!!RACE AND HISPANIC OR LATINO ORIGIN BY EDUCATIONAL ATTAINMENT!!White alone!!High school graduate or higher"
"S1501_C01_030E","Total!!Estimate!!RACE AND HISPANIC OR LATINO ORIGIN BY EDUCATIONAL ATTAINMENT!!White alone!!Bachelor's degree or higher"
"S1501_C01_030M","Total!!Margin of Error!!RACE AND HISPANIC OR LATINO ORIGIN BY EDUCATIONAL ATTAINMENT!!White alone!!Bachelor's degree or higher"
"S1501_C01_031E","Total!!Estimate!!White alone, not Hispanic or Latino"
"S1501_C01_031M","Total!!Margin of Error!!White alone, not Hispanic or Latino"
"S1501_C01_032E","Total!!Estimate!!White alone, not Hispanic or Latino!!High school graduate or higher"
"S1501_C01_032M","Total!!Margin of Error!!White alone, not Hispanic or Latino!!High school graduate or higher"
"S1501_C01_033E","Total!!Estimate!!White alone, not Hispanic or Latino!!Bachelor's degree or higher"
"S1501_C01_033M","Total!!Margin of Error!!White alone, not Hispanic or Latino!!Bachelor's degree or higher"
"S1501_C01_034E","Total!!Estimate!!Black alone"
"S1501_C01_034M","Total!!Margin of Error!!Black alone"
"S1501_C01_035E","Total!!Estimate!!Black alone!!High school graduate or higher"
"S1501_C01_035M","Total!!Margin of Error!!Black alone!!High school graduate or higher"
"S1501_C01_036E","Total!!Estimate!!Black alone!!Bachelor's degree or higher"
"S1501_C01_036M","Total!!Margin of Error!!Black alone!!Bachelor's degree or higher"
"S1501_C01_037E","Total!!Estimate!!American Indian or Alaska Native alone"
"S1501_C01_037M","Total!!Margin of Error!!American Indian or Alaska Native alone"
"S1501_C01_038E","Total!!Estimate!!American Indian or Alaska Native alone!!High school graduate or higher"
"S1501_C01_038M","Total!!Margin of Error!!American Indian or Alaska Native alone!!High school graduate or higher"
"S1501_C01_039E","Total!!Estimate!!American Indian or Alaska Native alone!!Bachelor's degree or higher"
"S1501_C01_039M","Total!!Margin of Error!!American Indian or Alaska Native alone!!Bachelor's degree or higher"
"S1501_C01_040E","Total!!Estimate!!Asian alone"
"S1501_C01_040M","Total!!Margin of Error!!Asian alone"
"S1501_C01_041E","Total!!Estimate!!Asian alone!!High school graduate or higher"
"S1501_C01_041M","Total!!Margin of Error!!Asian alone!!High school graduate or higher"
"S1501_C01_042E","Total!!Estimate!!Asian alone!!Bachelor's degree or higher"
"S1501_C01_042M","Total!!Margin of Error!!Asian alone!!Bachelor's degree or higher"
"S1501_C01_043E","Total!!Estimate!!Native Hawaiian and Other Pacific Islander alone"
"S1501_C01_043M","Total!!Margin of Error!!Native Hawaiian and Other Pacific Islander alone"
"S1501_C01_044E","Total!!Estimate!!Native Hawaiian and Other Pacific Islander alone!!High school graduate or higher"
"S1501_C01_044M","Total!!Margin of Error!!Native Hawaiian and Other Pacific Islander alone!!High school graduate or higher"
"S1501_C01_045E","Total!!Estimate!!Native Hawaiian and Other Pacific Islander alone!!Bachelor's degree or higher"
"S1501_C01_045M","Total!!Margin of Error!!Native Hawaiian and Other Pacific Islander alone!!Bachelor's degree or higher"
"S1501_C01_046E","Total!!Estimate!!Some other race alone"
"S1501_C01_046M","Total!!Margin of Error!!Some other race alone"
"S1501_C01_047E","Total!!Estimate!!Some other race alone!!High school graduate or higher"
"S1501_C01_047M","Total!!Margin of Error!!Some other race alone!!High school graduate or higher"
"S1501_C01_048E","Total!!Estimate!!Some other race alone!!Bachelor's degree or higher"
"S1501_C01_048M","Total!!Margin of Error!!Some other race alone!!Bachelor's degree or higher"
"S1501_C01_049E","Total!!Estimate!!Two or more races"
"S1501_C01_049M","Total!!Margin of Error!!Two or more races"
"S1501_C01_050E","Total!!Estimate!!Two or more races!!High school graduate or higher"
"S1501_C01_050M","Total!!Margin of Error!!Two or more races!!High school graduate or higher"
"S1501_C01_051E","Total!!Estimate!!Two or more races!!Bachelor's degree or higher"
"S1501_C01_051M","Total!!Margin of Error!!Two or more races!!Bachelor's degree or higher"
"S1501_C01_052E","Total!!Estimate!!Hispanic or Latino Origin"
"S1501_C01_052M","Total!!Margin of Error!!Hispanic or Latino Origin"
"S1501_C01_053E","Total!!Estimate!!Hispanic or Latino Origin!!High school graduate or higher"
"S1501_C01_053M","Total!!Margin of Error!!Hispanic or Latino Origin!!High school graduate or higher"
"S1501_C01_054E","Total!!Estimate!!Hispanic or Latino Origin!!Bachelor's degree or higher"
"S1501_C01_054M","Total!!Margin of Error!!Hispanic or Latino Origin!!Bachelor's degree or higher"
"S1501_C01_055E","Total!!Estimate!!POVERTY RATE FOR THE POPULATION 25 YEARS AND OVER FOR WHOM POVERTY STATUS IS DETERMINED BY EDUCATIONAL ATTAINMENT LEVEL!!Less than high school graduate"
"S1501_C01_055M","Total!!Margin of Error!!POVERTY RATE FOR THE POPULATION 25 YEARS AND OVER FOR WHOM POVERTY STATUS IS DETERMINED BY EDUCATIONAL ATTAINMENT LEVEL!!Less than high school graduate"
"S1501_C01_056E","Total!!Estimate!!POVERTY RATE FOR THE POPULATION 25 YEARS AND OVER FOR WHOM POVERTY STATUS IS DETERMINED BY EDUCATIONAL ATTAINMENT LEVEL!!High school graduate (includes equivalency)"
"S1501_C01_056M","Total!!Margin of Error!!POVERTY RATE FOR THE POPULATION 25 YEARS AND OVER FOR WHOM POVERTY STATUS IS DETERMINED BY EDUCATIONAL ATTAINMENT LEVEL!!High school graduate (includes equivalency)"
"S1501_C01_057E","Total!!Estimate!!POVERTY RATE FOR THE POPULATION 25 YEARS AND OVER FOR WHOM POVERTY STATUS IS DETERMINED BY EDUCATIONAL ATTAINMENT LEVEL!!Some college or associate's degree"
"S1501_C01_057M","Total!!Margin of Error!!POVERTY RATE FOR THE POPULATION 25 YEARS AND OVER FOR WHOM POVERTY STATUS IS DETERMINED BY EDUCATIONAL ATTAINMENT LEVEL!!Some college or associate's degree"
"S1501_C01_058E","Total!!Estimate!!POVERTY RATE FOR THE POPULATION 25 YEARS AND OVER FOR WHOM POVERTY STATUS IS DETERMINED BY EDUCATIONAL ATTAINMENT LEVEL!!Bachelor's degree or higher"
"S1501_C01_058M","Total!!Margin of Error!!POVERTY RATE FOR THE POPULATION 25 YEARS AND OVER FOR WHOM POVERTY STATUS IS DETERMINED BY EDUCATIONAL ATTAINMENT LEVEL!!Bachelor's degree or higher"
"S1501_C01_059E","Total!!Estimate!!MEDIAN EARNINGS IN THE PAST 12 MONTHS (IN 2016 INFLATION-ADJUSTED DOLLARS)!!Population 25 years and over with earnings"
"S1501_C01_059M","Total!!Margin of Error!!MEDIAN EARNINGS IN THE PAST 12 MONTHS (IN 2016 INFLATION-ADJUSTED DOLLARS)!!Population 25 years and over with earnings"
"S1501_C01_060E","Total!!Estimate!!MEDIAN EARNINGS IN THE PAST 12 MONTHS (IN 2016 INFLATION-ADJUSTED DOLLARS)!!Population 25 years and over with earnings!!Less than high school graduate"
"S1501_C01_060M","Total!!Margin of Error!!MEDIAN EARNINGS IN THE PAST 12 MONTHS (IN 2016 INFLATION-ADJUSTED DOLLARS)!!Population 25 years and over with earnings!!Less than high school graduate"
"S1501_C01_061E","Total!!Estimate!!MEDIAN EARNINGS IN THE PAST 12 MONTHS (IN 2016 INFLATION-ADJUSTED DOLLARS)!!Population 25 years and over with earnings!!High school graduate (includes equivalency)"
"S1501_C01_061M","Total!!Margin of Error!!MEDIAN EARNINGS IN THE PAST 12 MONTHS (IN 2016 INFLATION-ADJUSTED DOLLARS)!!Population 25 years and over with earnings!!High school graduate (includes equivalency)"
"S1501_C01_062E","Total!!Estimate!!MEDIAN EARNINGS IN THE PAST 12 MONTHS (IN 2016 INFLATION-ADJUSTED DOLLARS)!!Population 25 years and over with earnings!!Some college or associate's degree"
"S1501_C01_062M","Total!!Margin of Error!!MEDIAN EARNINGS IN THE PAST 12 MONTHS (IN 2016 INFLATION-ADJUSTED DOLLARS)!!Population 25 years and over with earnings!!Some college or associate's degree"
"S1501_C01_063E","Total!!Estimate!!MEDIAN EARNINGS IN THE PAST 12 MONTHS (IN 2016 INFLATION-ADJUSTED DOLLARS)!!Population 25 years and over with earnings!!Bachelor's degree"
"S1501_C01_063M","Total!!Margin of Error!!MEDIAN EARNINGS IN THE PAST 12 MONTHS (IN 2016 INFLATION-ADJUSTED DOLLARS)!!Population 25 years and over with earnings!!Bachelor's degree"
"S1501_C01_064E","Total!!Estimate!!MEDIAN EARNINGS IN THE PAST 12 MONTHS (IN 2016 INFLATION-ADJUSTED DOLLARS)!!Population 25 years and over with earnings!!Graduate or professional degree"
"S1501_C01_064M","Total!!Margin of Error!!MEDIAN EARNINGS IN THE PAST 12 MONTHS (IN 2016 INFLATION-ADJUSTED DOLLARS)!!Population 25 years and over with earnings!!Graduate or professional degree"
"S1501_C02_001E","Percent!!Estimate!!Population 18 to 24 years"
"S1501_C02_001M","Percent!!Margin of Error!!Population 18 to 24 years"
"S1501_C02_002E","Percent!!Estimate!!Population 18 to 24 years!!Less than high school graduate"
"S1501_C02_002M","Percent!!Margin of Error!!Population 18 to 24 years!!Less than high school graduate"
"S1501_C02_003E","Percent!!Estimate!!Population 18 to 24 years!!High school graduate (includes equivalency)"
"S1501_C02_003M","Percent!!Margin of Error!!Population 18 to 24 years!!High school graduate (includes equivalency)"
"S1501_C02_004E","Percent!!Estimate!!Population 18 to 24 years!!Some college or associate's degree"
"S1501_C02_004M","Percent!!Margin of Error!!Population 18 to 24 years!!Some college or associate's degree"
"S1501_C02_005E","Percent!!Estimate!!Population 18 to 24 years!!Bachelor's degree or higher"
"S1501_C02_005M","Percent!!Margin of Error!!Population 18 to 24 years!!Bachelor's degree or higher"
"S1501_C02_006E","Percent!!Estimate!!Population 25 years and over"
"S1501_C02_006M","Percent!!Margin of Error!!Population 25 years and over"
"S1501_C02_007E","Percent!!Estimate!!Population 25 years and over!!Less than 9th grade"
"S1501_C02_007M","Percent!!Margin of Error!!Population 25 years and over!!Less than 9th grade"
"S1501_C02_008E","Percent!!Estimate!!Population 25 years and over!!9th to 12th grade, no diploma"
"S1501_C02_008M","Percent!!Margin of Error!!Population 25 years and over!!9th to 12th grade, no diploma"
"S1501_C02_009E","Percent!!Estimate!!Population 25 years and over!!High school graduate (includes equivalency)"
"S1501_C02_009M","Percent!!Margin of Error!!Population 25 years and over!!High school graduate (includes equivalency)"
"S1501_C02_010E","Percent!!Estimate!!Population 25 years and over!!Some college, no degree"
"S1501_C02_010M","Percent!!Margin of Error!!Population 25 years and over!!Some college, no degree"
"S1501_C02_011E","Percent!!Estimate!!Population 25 years and over!!Associate's degree"
"S1501_C02_011M","Percent!!Margin of Error!!Population 25 years and over!!Associate's degree"
"S1501_C02_012E","Percent!!Estimate!!Population 25 years and over!!Bachelor's degree"
"S1501_C02_012M","Percent!!Margin of Error!!Population 25 years and over!!Bachelor's degree"
"S1501_C02_013E","Percent!!Estimate!!Population 25 years and over!!Graduate or professional degree"
"S1501_C02_013M","Percent!!Margin of Error!!Population 25 years and over!!Graduate or professional degree"
"S1501_C02_014E","Percent!!Estimate!!Percent high school graduate or higher"
"S1501_C02_014M","Percent!!Margin of Error!!Percent high school graduate or higher"
"S1501_C02_015E","Percent!!Estimate!!Percent bachelor's degree or higher"
"S1501_C02_015M","Percent!!Margin of Error!!Percent bachelor's degree or higher"
"S1501_C02_016E","Percent!!Estimate!!Population 25 to 34 years"
"S1501_C02_016M","Percent!!Margin of Error!!Population 25 to 34 years"
"S1501_C02_017E","Percent!!Estimate!!Population 25 to 34 years!!High school graduate or higher"
"S1501_C02_017M","Percent!!Margin of Error!!Population 25 to 34 years!!High school graduate or higher"
"S1501_C02_018E","Percent!!Estimate!!Population 25 to 34 years!!Bachelor's degree or higher"
"S1501_C02_018M","Percent!!Margin of Error!!Population 25 to 34 years!!Bachelor's degree or higher"
"S1501_C02_019E","Percent!!Estimate!!Population 35 to 44 years"
"S1501_C02_019M","Percent!!Margin of Error!!Population 35 to 44 years"
"S1501_C02_020E","Percent!!Estimate!!Population 35 to 44 years!!High school graduate or higher"
"S1501_C02_020M","Percent!!Margin of Error!!Population 35 to 44 years!!High school graduate or higher"
"S1501_C02_021E","Percent!!Estimate!!Population 35 to 44 years!!Bachelor's degree or higher"
"S1501_C02_021M","Percent!!Margin of Error!!Population 35 to 44 years!!Bachelor's degree or higher"
"S1501_C02_022E","Percent!!Estimate!!Population 45 to 64 years"
"S1501_C02_022M","Percent!!Margin of Error!!Population 45 to 64 years"
"S1501_C02_023E","Percent!!Estimate!!Population 45 to 64 years!!High school graduate or higher"
"S1501_C02_023M","Percent!!Margin of Error!!Population 45 to 64 years!!High school graduate or higher"
"S1501_C02_024E","Percent!!Estimate!!Population 45 to 64 years!!Bachelor's degree or higher"
"S1501_C02_024M","Percent!!Margin of Error!!Population 45 to 64 years!!Bachelor's degree or higher"
"S1501_C02_025E","Percent!!Estimate!!Population 65 years and over"
"S1501_C02_025M","Percent!!Margin of Error!!Population 65 years and over"
"S1501_C02_026E","Percent!!Estimate!!Population 65 years and over!!High school graduate or higher"
"S1501_C02_026M","Percent!!Margin of Error!!Population 65 years and over!!High school graduate or higher"
"S1501_C02_027E","Percent!!Estimate!!Population 65 years and over!!Bachelor's degree or higher"
"S1501_C02_027M","Percent!!Margin of Error!!Population 65 years and over!!Bachelor's degree or higher"
"S1501_C02_028E","Percent!!Estimate!!RACE AND HISPANIC OR LATINO ORIGIN BY EDUCATIONAL ATTAINMENT!!White alone"
"S1501_C02_028M","Percent!!Margin of Error!!RACE AND HISPANIC OR LATINO ORIGIN BY EDUCATIONAL ATTAINMENT!!White alone"
"S1501_C02_029E","Percent!!Estimate!!RACE AND HISPANIC OR LATINO ORIGIN BY EDUCATIONAL ATTAINMENT!!White alone!!High school graduate or higher"
"S1501_C02_029M","Percent!!Margin of Error!!RACE AND HISPANIC OR LATINO ORIGIN BY EDUCATIONAL ATTAINMENT!!White alone!!High school graduate or higher"
"S1501_C02_030E","Percent!!Estimate!!RACE AND HISPANIC OR LATINO ORIGIN BY EDUCATIONAL ATTAINMENT!!White alone!!Bachelor's degree or higher"
"S1501_C02_030M","Percent!!Margin of Error!!RACE AND HISPANIC OR LATINO ORIGIN BY EDUCATIONAL ATTAINMENT!!White alone!!Bachelor's degree or higher"
"S1501_C02_031E","Percent!!Estimate!!White alone, not Hispanic or Latino"
"S1501_C02_031M","Percent!!Margin of Error!!White alone, not Hispanic or Latino"
"S1501_C02_032E","Percent!!Estimate!!White alone, not Hispanic or Latino!!High school graduate or higher"
"S1501_C02_032M","Percent!!Margin of Error!!White alone, not Hispanic or Latino!!High school graduate or higher"
"S1501_C02_033E","Percent!!Estimate!!White alone, not Hispanic or Latino!!Bachelor's degree or higher"
"S1501_C02_033M","Percent!!Margin of Error!!White alone, not Hispanic or Latino!!Bachelor's degree or higher"
"S1501_C02_034E","Percent!!Estimate!!Black alone"
"S1501_C02_034M","Percent!!Margin of Error!!Black alone"
"S1501_C02_035E","Percent!!Estimate!!Black alone!!High school graduate or higher"
"S1501_C02_035M","Percent!!Margin of Error!!Black alone!!High school graduate or higher"
"S1501_C02_036E","Percent!!Estimate!!Black alone!!Bachelor's degree or higher"
"S1501_C02_036M","Percent!!Margin of Error!!Black alone!!Bachelor's degree or higher"
"S1501_C02_037E","Percent!!Estimate!!American Indian or Alaska Native alone"
"S1501_C02_037M","Percent!!Margin of Error!!American Indian or Alaska Native alone"
"S1501_C02_038E","Percent!!Estimate!!American Indian or Alaska Native alone!!High school graduate or higher"
"S1501_C02_038M","Percent!!Margin of Error!!American Indian or Alaska Native alone!!High school graduate or higher"
"S1501_C02_039E","Percent!!Estimate!!American Indian or Alaska Native alone!!Bachelor's degree or higher"
"S1501_C02_039M","Percent!!Margin of Error!!American Indian or Alaska Native alone!!Bachelor's degree or higher"
"S1501_C02_040E","Percent!!Estimate!!Asian alone"
"S1501_C02_040M","Percent!!Margin of Error!!Asian alone"
"S1501_C02_041E","Percent!!Estimate!!Asian alone!!High school graduate or higher"
"S1501_C02_041M","Percent!!Margin of Error!!Asian alone!!High school graduate or higher"
"S1501_C02_042E","Percent!!Estimate!!Asian alone!!Bachelor's degree or higher"
"S1501_C02_042M","Percent!!Margin of Error!!Asian alone!!Bachelor's degree or higher"
"S1501_C02_043E","Percent!!Estimate!!Native Hawaiian and Other Pacific Islander alone"
"S1501_C02_043M","Percent!!Margin of Error!!Native Hawaiian and Other Pacific Islander alone"
"S1501_C02_044E","Percent!!Estimate!!Native Hawaiian and Other Pacific Islander alone!!High school graduate or higher"
"S1501_C02_044M","Percent!!Margin of Error!!Native Hawaiian and Other Pacific Islander alone!!High school graduate or higher"
"S1501_C02_045E","Percent!!Estimate!!Native Hawaiian and Other Pacific Islander alone!!Bachelor's degree or higher"
"S1501_C02_045M","Percent!!Margin of Error!!Native Hawaiian and Other Pacific Islander alone!!Bachelor's degree or higher"
"S1501_C02_046E","Percent!!Estimate!!Some other race alone"
"S1501_C02_046M","Percent!!Margin of Error!!Some other race alone"
"S1501_C02_047E","Percent!!Estimate!!Some other race alone!!High school graduate or higher"
"S1501_C02_047M","Percent!!Margin of Error!!Some other race alone!!High school graduate or higher"
"S1501_C02_048E","Percent!!Estimate!!Some other race alone!!Bachelor's degree or higher"
"S1501_C02_048M","Percent!!Margin of Error!!Some other race alone!!Bachelor's degree or higher"
"S1501_C02_049E","Percent!!Estimate!!Two or more races"
"S1501_C02_049M","Percent!!Margin of Error!!Two or more races"
"S1501_C02_050E","Percent!!Estimate!!Two or more races!!High school graduate or higher"
"S1501_C02_050M","Percent!!Margin of Error!!Two or more races!!High school graduate or higher"
"S1501_C02_051E","Percent!!Estimate!!Two or more races!!Bachelor's degree or higher"
"S1501_C02_051M","Percent!!Margin of Error!!Two or more races!!Bachelor's degree or higher"
"S1501_C02_052E","Percent!!Estimate!!Hispanic or Latino Origin"
"S1501_C02_052M","Percent!!Margin of Error!!Hispanic or Latino Origin"
"S1501_C02_053E","Percent!!Estimate!!Hispanic or Latino Origin!!High school graduate or higher"
"S1501_C02_053M","Percent!!Margin of Error!!Hispanic or Latino Origin!!High school graduate or higher"
"S1501_C02_054E","Percent!!Estimate!!Hispanic or Latino Origin!!Bachelor's degree or higher"
"S1501_C02_054M","Percent!!Margin of Error!!Hispanic or Latino Origin!!Bachelor's degree or higher"
"S1501_C02_055E","Percent!!Estimate!!POVERTY RATE FOR THE POPULATION 25 YEARS AND OVER FOR WHOM POVERTY STATUS IS DETERMINED BY EDUCATIONAL ATTAINMENT LEVEL!!Less than high school graduate"
"S1501_C02_055M","Percent!!Margin of Error!!POVERTY RATE FOR THE POPULATION 25 YEARS AND OVER FOR WHOM POVERTY STATUS IS DETERMINED BY EDUCATIONAL ATTAINMENT LEVEL!!Less than high school graduate"
"S1501_C02_056E","Percent!!Estimate!!POVERTY RATE FOR THE POPULATION 25 YEARS AND OVER FOR WHOM POVERTY STATUS IS DETERMINED BY EDUCATIONAL ATTAINMENT LEVEL!!High school graduate (includes equivalency)"
"S1501_C02_056M","Percent!!Margin of Error!!POVERTY RATE FOR THE POPULATION 25 YEARS AND OVER FOR WHOM POVERTY STATUS IS DETERMINED BY EDUCATIONAL ATTAINMENT LEVEL!!High school graduate (includes equivalency)"
"S1501_C02_057E","Percent!!Estimate!!POVERTY RATE FOR THE POPULATION 25 YEARS AND OVER FOR WHOM POVERTY STATUS IS DETERMINED BY EDUCATIONAL ATTAINMENT LEVEL!!Some college or associate's degree"
"S1501_C02_057M","Percent!!Margin of Error!!POVERTY RATE FOR THE POPULATION 25 YEARS AND OVER FOR WHOM POVERTY STATUS IS DETERMINED BY EDUCATIONAL ATTAINMENT LEVEL!!Some college or associate's degree"
"S1501_C02_058E","Percent!!Estimate!!POVERTY RATE FOR THE POPULATION 25 YEARS AND OVER FOR WHOM POVERTY STATUS IS DETERMINED BY EDUCATIONAL ATTAINMENT LEVEL!!Bachelor's degree or higher"
"S1501_C02_058M","Percent!!Margin of Error!!POVERTY RATE FOR THE POPULATION 25 YEARS AND OVER FOR WHOM POVERTY STATUS IS DETERMINED BY EDUCATIONAL ATTAINMENT LEVEL!!Bachelor's degree or higher"
"S1501_C02_059E","Percent!!Estimate!!MEDIAN EARNINGS IN THE PAST 12 MONTHS (IN 2016 INFLATION-ADJUSTED DOLLARS)!!Population 25 years and over with earnings"
"S1501_C02_059M","Percent!!Margin of Error!!MEDIAN EARNINGS IN THE PAST 12 MONTHS (IN 2016 INFLATION-ADJUSTED DOLLARS)!!Population 25 years and over with earnings"
"S1501_C02_060E","Percent!!Estimate!!MEDIAN EARNINGS IN THE PAST 12 MONTHS (IN 2016 INFLATION-ADJUSTED DOLLARS)!!Population 25 years and over with earnings!!Less than high school graduate"
"S1501_C02_060M","Percent!!Margin of Error!!MEDIAN EARNINGS IN THE PAST 12 MONTHS (IN 2016 INFLATION-ADJUSTED DOLLARS)!!Population 25 years and over with earnings!!Less than high school graduate"
"S1501_C02_061E","Percent!!Estimate!!MEDIAN EARNINGS IN THE PAST 12 MONTHS (IN 2016 INFLATION-ADJUSTED DOLLARS)!!Population 25 years and over with earnings!!High school graduate (includes equivalency)"
"S1501_C02_061M","Percent!!Margin of Error!!MEDIAN EARNINGS IN THE PAST 12 MONTHS (IN 2016 INFLATION-ADJUSTED DOLLARS)!!Population 25 years and over with earnings!!High school graduate (includes equivalency)"
"S1501_C02_062E","Percent!!Estimate!!MEDIAN EARNINGS IN THE PAST 12 MONTHS (IN 2016 INFLATION-ADJUSTED DOLLARS)!!Population 25 years and over with earnings!!Some college or associate's degree"
"S1501_C02_062M","Percent!!Margin of Error!!MEDIAN EARNINGS IN THE PAST 12 MONTHS (IN 2016 INFLATION-ADJUSTED DOLLARS)!!Population 25 years and over with earnings!!Some college or associate's degree"
"S1501_C02_063E","Percent!!Estimate!!MEDIAN EARNINGS IN THE PAST 12 MONTHS (IN 2016 INFLATION-ADJUSTED DOLLARS)!!Population 25 years and over with earnings!!Bachelor's degree"
"S1501_C02_063M","Percent!!Margin of Error!!MEDIAN EARNINGS IN THE PAST 12 MONTHS (IN 2016 INFLATION-ADJUSTED DOLLARS)!!Population 25 years and over with earnings!!Bachelor's degree"
"S1501_C02_064E","Percent!!Estimate!!MEDIAN EARNINGS IN THE PAST 12 MONTHS (IN 2016 INFLATION-ADJUSTED DOLLARS)!!Population 25 years and over with earnings!!Graduate or professional degree"
"S1501_C02_064M","Percent!!Margin of Error!!MEDIAN EARNINGS IN THE PAST 12 MONTHS (IN 2016 INFLATION-ADJUSTED DOLLARS)!!Population 25 years and over with earnings!!Graduate or professional degree"
"S1501_C03_001E","Males!!Estimate!!Population 18 to 24 years"
"S1501_C03_001M","Males!!Margin of Error!!Population 18 to 24 years"
"S1501_C03_002E","Males!!Estimate!!Population 18 to 24 years!!Less than high school graduate"
"S1501_C03_002M","Males!!Margin of Error!!Population 18 to 24 years!!Less than high school graduate"
"S1501_C03_003E","Males!!Estimate!!Population 18 to 24 years!!High school graduate (includes equivalency)"
"S1501_C03_003M","Males!!Margin of Error!!Population 18 to 24 years!!High school graduate (includes equivalency)"
"S1501_C03_004E","Males!!Estimate!!Population 18 to 24 years!!Some college or associate's degree"
"S1501_C03_004M","Males!!Margin of Error!!Population 18 to 24 years!!Some college or associate's degree"
"S1501_C03_005E","Males!!Estimate!!Population 18 to 24 years!!Bachelor's degree or higher"
"S1501_C03_005M","Males!!Margin of Error!!Population 18 to 24 years!!Bachelor's degree or higher"
"S1501_C03_006E","Males!!Estimate!!Population 25 years and over"
"S1501_C03_006M","Males!!Margin of Error!!Population 25 years and over"
"S1501_C03_007E","Males!!Estimate!!Population 25 years and over!!Less than 9th grade"
"S1501_C03_007M","Males!!Margin of Error!!Population 25 years and over!!Less than 9th grade"
"S1501_C03_008E","Males!!Estimate!!Population 25 years and over!!9th to 12th grade, no diploma"
"S1501_C03_008M","Males!!Margin of Error!!Population 25 years and over!!9th to 12th grade, no diploma"
"S1501_C03_009E","Males!!Estimate!!Population 25 years and over!!High school graduate (includes equivalency)"
"S1501_C03_009M","Males!!Margin of Error!!Population 25 years and over!!High school graduate (includes equivalency)"
"S1501_C03_010E","Males!!Estimate!!Population 25 years and over!!Some college, no degree"
"S1501_C03_010M","Males!!Margin of Error!!Population 25 years and over!!Some college, no degree"
"S1501_C03_011E","Males!!Estimate!!Population 25 years and over!!Associate's degree"
"S1501_C03_011M","Males!!Margin of Error!!Population 25 years and over!!Associate's degree"
"S1501_C03_012E","Males!!Estimate!!Population 25 years and over!!Bachelor's degree"
"S1501_C03_012M","Males!!Margin of Error!!Population 25 years and over!!Bachelor's degree"
"S1501_C03_013E","Males!!Estimate!!Population 25 years and over!!Graduate or professional degree"
"S1501_C03_013M","Males!!Margin of Error!!Population 25 years and over!!Graduate or professional degree"
"S1501_C03_014E","Males!!Estimate!!Percent high school graduate or higher"
"S1501_C03_014M","Males!!Margin of Error!!Percent high school graduate or higher"
"S1501_C03_015E","Males!!Estimate!!Percent bachelor's degree or higher"
"S1501_C03_015M","Males!!Margin of Error!!Percent bachelor's degree or higher"
"S1501_C03_016E","Males!!Estimate!!Population 25 to 34 years"
"S1501_C03_016M","Males!!Margin of Error!!Population 25 to 34 years"
"S1501_C03_017E","Males!!Estimate!!Population 25 to 34 years!!High school graduate or higher"
"S1501_C03_017M","Males!!Margin of Error!!Population 25 to 34 years!!High school graduate or higher"
"S1501_C03_018E","Males!!Estimate!!Population 25 to 34 years!!Bachelor's degree or higher"
"S1501_C03_018M","Males!!Margin of Error!!Population 25 to 34 years!!Bachelor's degree or higher"
"S1501_C03_019E","Males!!Estimate!!Population 35 to 44 years"
"S1501_C03_019M","Males!!Margin of Error!!Population 35 to 44 years"
"S1501_C03_020E","Males!!Estimate!!Population 35 to 44 years!!High school graduate or higher"
"S1501_C03_020M","Males!!Margin of Error!!Population 35 to 44 years!!High school graduate or higher"
"S1501_C03_021E","Males!!Estimate!!Population 35 to 44 years!!Bachelor's degree or higher"
"S1501_C03_021M","Males!!Margin of Error!!Population 35 to 44 years!!Bachelor's degree or higher"
"S1501_C03_022E","Males!!Estimate!!Population 45 to 64 years"
"S1501_C03_022M","Males!!Margin of Error!!Population 45 to 64 years"
"S1501_C03_023E","Males!!Estimate!!Population 45 to 64 years!!High school graduate or higher"
"S1501_C03_023M","Males!!Margin of Error!!Population 45 to 64 years!!High school graduate or higher"
"S1501_C03_024E","Males!!Estimate!!Population 45 to 64 years!!Bachelor's degree or higher"
"S1501_C03_024M","Males!!Margin of Error!!Population 45 to 64 years!!Bachelor's degree or higher"
"S1501_C03_025E","Males!!Estimate!!Population 65 years and over"
"S1501_C03_025M","Males!!Margin of Error!!Population 65 years and over"
"S1501_C03_026E","Males!!Estimate!!Population 65 years and over!!High school graduate or higher"
"S1501_C03_026M","Males!!Margin of Error!!Population 65 years and over!!High school graduate or higher"
"S1501_C03_027E","Males!!Estimate!!Population 65 years and over!!Bachelor's degree or higher"
"S1501_C03_027M","Males!!Margin of Error!!Population 65 years and over!!Bachelor's degree or higher"
"S1501_C03_028E","Males!!Estimate!!RACE AND HISPANIC OR LATINO ORIGIN BY EDUCATIONAL ATTAINMENT!!White alone"
"S1501_C03_028M","Males!!Margin of Error!!RACE AND HISPANIC OR LATINO ORIGIN BY EDUCATIONAL ATTAINMENT!!White alone"
"S1501_C03_029E","Males!!Estimate!!RACE AND HISPANIC OR LATINO ORIGIN BY EDUCATIONAL ATTAINMENT!!White alone!!High school graduate or higher"
"S1501_C03_029M","Males!!Margin of Error!!RACE AND HISPANIC OR LATINO ORIGIN BY EDUCATIONAL ATTAINMENT!!White alone!!High school graduate or higher"
"S1501_C03_030E","Males!!Estimate!!RACE AND HISPANIC OR LATINO ORIGIN BY EDUCATIONAL ATTAINMENT!!White alone!!Bachelor's degree or higher"
"S1501_C03_030M","Males!!Margin of Error!!RACE AND HISPANIC OR LATINO ORIGIN BY EDUCATIONAL ATTAINMENT!!White alone!!Bachelor's degree or higher"
"S1501_C03_031E","Males!!Estimate!!White alone, not Hispanic or Latino"
"S1501_C03_031M","Males!!Margin of Error!!White alone, not Hispanic or Latino"
"S1501_C03_032E","Males!!Estimate!!White alone, not Hispanic or Latino!!High school graduate or higher"
"S1501_C03_032M","Males!!Margin of Error!!White alone, not Hispanic or Latino!!High school graduate or higher"
"S1501_C03_033E","Males!!Estimate!!White alone, not Hispanic or Latino!!Bachelor's degree or higher"
"S1501_C03_033M","Males!!Margin of Error!!White alone, not Hispanic or Latino!!Bachelor's degree or higher"
"S1501_C03_034E","Males!!Estimate!!Black alone"
"S1501_C03_034M","Males!!Margin of Error!!Black alone"
"S1501_C03_035E","Males!!Estimate!!Black alone!!High school graduate or higher"
"S1501_C03_035M","Males!!Margin of Error!!Black alone!!High school graduate or higher"
"S1501_C03_036E","Males!!Estimate!!Black alone!!Bachelor's degree or higher"
"S1501_C03_036M","Males!!Margin of Error!!Black alone!!Bachelor's degree or higher"
"S1501_C03_037E","Males!!Estimate!!American Indian or Alaska Native alone"
"S1501_C03_037M","Males!!Margin of Error!!American Indian or Alaska Native alone"
"S1501_C03_038E","Males!!Estimate!!American Indian or Alaska Native alone!!High school graduate or higher"
"S1501_C03_038M","Males!!Margin of Error!!American Indian or Alaska Native alone!!High school graduate or higher"
"S1501_C03_039E","Males!!Estimate!!American Indian or Alaska Native alone!!Bachelor's degree or higher"
"S1501_C03_039M","Males!!Margin of Error!!American Indian or Alaska Native alone!!Bachelor's degree or higher"
"S1501_C03_040E","Males!!Estimate!!Asian alone"
"S1501_C03_040M","Males!!Margin of Error!!Asian alone"
"S1501_C03_041E","Males!!Estimate!!Asian alone!!High school graduate or higher"
"S1501_C03_041M","Males!!Margin of Error!!Asian alone!!High school graduate or higher"
"S1501_C03_042E","Males!!Estimate!!Asian alone!!Bachelor's degree or higher"
"S1501_C03_042M","Males!!Margin of Error!!Asian alone!!Bachelor's degree or higher"
"S1501_C03_043E","Males!!Estimate!!Native Hawaiian and Other Pacific Islander alone"
"S1501_C03_043M","Males!!Margin of Error!!Native Hawaiian and Other Pacific Islander alone"
"S1501_C03_044E","Males!!Estimate!!Native Hawaiian and Other Pacific Islander alone!!High school graduate or higher"
"S1501_C03_044M","Males!!Margin of Error!!Native Hawaiian and Other Pacific Islander alone!!High school graduate or higher"
"S1501_C03_045E","Males!!Estimate!!Native Hawaiian and Other Pacific Islander alone!!Bachelor's degree or higher"
"S1501_C03_045M","Males!!Margin of Error!!Native Hawaiian and Other Pacific Islander alone!!Bachelor's degree or higher"
"S1501_C03_046E","Males!!Estimate!!Some other race alone"
"S1501_C03_046M","Males!!Margin of Error!!Some other race alone"
"S1501_C03_047E","Males!!Estimate!!Some other race alone!!High school graduate or higher"
"S1501_C03_047M","Males!!Margin of Error!!Some other race alone!!High school graduate or higher"
"S1501_C03_048E","Males!!Estimate!!Some other race alone!!Bachelor's degree or higher"
"S1501_C03_048M","Males!!Margin of Error!!Some other race alone!!Bachelor's degree or higher"
"S1501_C03_049E","Males!!Estimate!!Two or more races"
"S1501_C03_049M","Males!!Margin of Error!!Two or more races"
"S1501_C03_050E","Males!!Estimate!!Two or more races!!High school graduate or higher"
"S1501_C03_050M","Males!!Margin of Error!!Two or more races!!High school graduate or higher"
"S1501_C03_051E","Males!!Estimate!!Two or more races!!Bachelor's degree or higher"
"S1501_C03_051M","Males!!Margin of Error!!Two or more races!!Bachelor's degree or higher"
"S1501_C03_052E","Males!!Estimate!!Hispanic or Latino Origin"
"S1501_C03_052M","Males!!Margin of Error!!Hispanic or Latino Origin"
"S1501_C03_053E","Males!!Estimate!!Hispanic or Latino Origin!!High school graduate or higher"
"S1501_C03_053M","Males!!Margin of Error!!Hispanic or Latino Origin!!High school graduate or higher"
"S1501_C03_054E","Males!!Estimate!!Hispanic or Latino Origin!!Bachelor's degree or higher"
"S1501_C03_054M","Males!!Margin of Error!!Hispanic or Latino Origin!!Bachelor's degree or higher"
"S1501_C03_055E","Males!!Estimate!!POVERTY RATE FOR THE POPULATION 25 YEARS AND OVER FOR WHOM POVERTY STATUS IS DETERMINED BY EDUCATIONAL ATTAINMENT LEVEL!!Less than high school graduate"
"S1501_C03_055M","Males!!Margin of Error!!POVERTY RATE FOR THE POPULATION 25 YEARS AND OVER FOR WHOM POVERTY STATUS IS DETERMINED BY EDUCATIONAL ATTAINMENT LEVEL!!Less than high school graduate"
"S1501_C03_056E","Males!!Estimate!!POVERTY RATE FOR THE POPULATION 25 YEARS AND OVER FOR WHOM POVERTY STATUS IS DETERMINED BY EDUCATIONAL ATTAINMENT LEVEL!!High school graduate (includes equivalency)"
"S1501_C03_056M","Males!!Margin of Error!!POVERTY RATE FOR THE POPULATION 25 YEARS AND OVER FOR WHOM POVERTY STATUS IS DETERMINED BY EDUCATIONAL ATTAINMENT LEVEL!!High school graduate (includes equivalency)"
"S1501_C03_057E","Males!!Estimate!!POVERTY RATE FOR THE POPULATION 25 YEARS AND OVER FOR WHOM POVERTY STATUS IS DETERMINED BY EDUCATIONAL ATTAINMENT LEVEL!!Some college or associate's degree"
"S1501_C03_057M","Males!!Margin of Error!!POVERTY RATE FOR THE POPULATION 25 YEARS AND OVER FOR WHOM POVERTY STATUS IS DETERMINED BY EDUCATIONAL ATTAINMENT LEVEL!!Some college or associate's degree"
"S1501_C03_058E","Males!!Estimate!!POVERTY RATE FOR THE POPULATION 25 YEARS AND OVER FOR WHOM POVERTY STATUS IS DETERMINED BY EDUCATIONAL ATTAINMENT LEVEL!!Bachelor's degree or higher"
"S1501_C03_058M","Males!!Margin of Error!!POVERTY RATE FOR THE POPULATION 25 YEARS AND OVER FOR WHOM POVERTY STATUS IS DETERMINED BY EDUCATIONAL ATTAINMENT LEVEL!!Bachelor's degree or higher"
"S1501_C03_059E","Males!!Estimate!!MEDIAN EARNINGS IN THE PAST 12 MONTHS (IN 2016 INFLATION-ADJUSTED DOLLARS)!!Population 25 years and over with earnings"
"S1501_C03_059M","Males!!Margin of Error!!MEDIAN EARNINGS IN THE PAST 12 MONTHS (IN 2016 INFLATION-ADJUSTED DOLLARS)!!Population 25 years and over with earnings"
"S1501_C03_060E","Males!!Estimate!!MEDIAN EARNINGS IN THE PAST 12 MONTHS (IN 2016 INFLATION-ADJUSTED DOLLARS)!!Population 25 years and over with earnings!!Less than high school graduate"
"S1501_C03_060M","Males!!Margin of Error!!MEDIAN EARNINGS IN THE PAST 12 MONTHS (IN 2016 INFLATION-ADJUSTED DOLLARS)!!Population 25 years and over with earnings!!Less than high school graduate"
"S1501_C03_061E","Males!!Estimate!!MEDIAN EARNINGS IN THE PAST 12 MONTHS (IN 2016 INFLATION-ADJUSTED DOLLARS)!!Population 25 years and over with earnings!!High school graduate (includes equivalency)"
"S1501_C03_061M","Males!!Margin of Error!!MEDIAN EARNINGS IN THE PAST 12 MONTHS (IN 2016 INFLATION-ADJUSTED DOLLARS)!!Population 25 years and over with earnings!!High school graduate (includes equivalency)"
"S1501_C03_062E","Males!!Estimate!!MEDIAN EARNINGS IN THE PAST 12 MONTHS (IN 2016 INFLATION-ADJUSTED DOLLARS)!!Population 25 years and over with earnings!!Some college or associate's degree"
"S1501_C03_062M","Males!!Margin of Error!!MEDIAN EARNINGS IN THE PAST 12 MONTHS (IN 2016 INFLATION-ADJUSTED DOLLARS)!!Population 25 years and over with earnings!!Some college or associate's degree"
"S1501_C03_063E","Males!!Estimate!!MEDIAN EARNINGS IN THE PAST 12 MONTHS (IN 2016 INFLATION-ADJUSTED DOLLARS)!!Population 25 years and over with earnings!!Bachelor's degree"
"S1501_C03_063M","Males!!Margin of Error!!MEDIAN EARNINGS IN THE PAST 12 MONTHS (IN 2016 INFLATION-ADJUSTED DOLLARS)!!Population 25 years and over with earnings!!Bachelor's degree"
"S1501_C03_064E","Males!!Estimate!!MEDIAN EARNINGS IN THE PAST 12 MONTHS (IN 2016 INFLATION-ADJUSTED DOLLARS)!!Population 25 years and over with earnings!!Graduate or professional degree"
"S1501_C03_064M","Males!!Margin of Error!!MEDIAN EARNINGS IN THE PAST 12 MONTHS (IN 2016 INFLATION-ADJUSTED DOLLARS)!!Population 25 years and over with earnings!!Graduate or professional degree"
"S1501_C04_001E","Percent Males!!Estimate!!Population 18 to 24 years"
"S1501_C04_001M","Percent Males!!Margin of Error!!Population 18 to 24 years"
"S1501_C04_002E","Percent Males!!Estimate!!Population 18 to 24 years!!Less than high school graduate"
"S1501_C04_002M","Percent Males!!Margin of Error!!Population 18 to 24 years!!Less than high school graduate"
"S1501_C04_003E","Percent Males!!Estimate!!Population 18 to 24 years!!High school graduate (includes equivalency)"
"S1501_C04_003M","Percent Males!!Margin of Error!!Population 18 to 24 years!!High school graduate (includes equivalency)"
"S1501_C04_004E","Percent Males!!Estimate!!Population 18 to 24 years!!Some college or associate's degree"
"S1501_C04_004M","Percent Males!!Margin of Error!!Population 18 to 24 years!!Some college or associate's degree"
"S1501_C04_005E","Percent Males!!Estimate!!Population 18 to 24 years!!Bachelor's degree or higher"
"S1501_C04_005M","Percent Males!!Margin of Error!!Population 18 to 24 years!!Bachelor's degree or higher"
"S1501_C04_006E","Percent Males!!Estimate!!Population 25 years and over"
"S1501_C04_006M","Percent Males!!Margin of Error!!Population 25 years and over"
"S1501_C04_007E","Percent Males!!Estimate!!Population 25 years and over!!Less than 9th grade"
"S1501_C04_007M","Percent Males!!Margin of Error!!Population 25 years and over!!Less than 9th grade"
"S1501_C04_008E","Percent Males!!Estimate!!Population 25 years and over!!9th to 12th grade, no diploma"
"S1501_C04_008M","Percent Males!!Margin of Error!!Population 25 years and over!!9th to 12th grade, no diploma"
"S1501_C04_009E","Percent Males!!Estimate!!Population 25 years and over!!High school graduate (includes equivalency)"
"S1501_C04_009M","Percent Males!!Margin of Error!!Population 25 years and over!!High school graduate (includes equivalency)"
"S1501_C04_010E","Percent Males!!Estimate!!Population 25 years and over!!Some college, no degree"
"S1501_C04_010M","Percent Males!!Margin of Error!!Population 25 years and over!!Some college, no degree"
"S1501_C04_011E","Percent Males!!Estimate!!Population 25 years and over!!Associate's degree"
"S1501_C04_011M","Percent Males!!Margin of Error!!Population 25 years and over!!Associate's degree"
"S1501_C04_012E","Percent Males!!Estimate!!Population 25 years and over!!Bachelor's degree"
"S1501_C04_012M","Percent Males!!Margin of Error!!Population 25 years and over!!Bachelor's degree"
"S1501_C04_013E","Percent Males!!Estimate!!Population 25 years and over!!Graduate or professional degree"
"S1501_C04_013M","Percent Males!!Margin of Error!!Population 25 years and over!!Graduate or professional degree"
"S1501_C04_014E","Percent Males!!Estimate!!Percent high school graduate or higher"
"S1501_C04_014M","Percent Males!!Margin of Error!!Percent high school graduate or higher"
"S1501_C04_015E","Percent Males!!Estimate!!Percent bachelor's degree or higher"
"S1501_C04_015M","Percent Males!!Margin of Error!!Percent bachelor's degree or higher"
"S1501_C04_016E","Percent Males!!Estimate!!Population 25 to 34 years"
"S1501_C04_016M","Percent Males!!Margin of Error!!Population 25 to 34 years"
"S1501_C04_017E","Percent Males!!Estimate!!Population 25 to 34 years!!High school graduate or higher"
"S1501_C04_017M","Percent Males!!Margin of Error!!Population 25 to 34 years!!High school graduate or higher"
"S1501_C04_018E","Percent Males!!Estimate!!Population 25 to 34 years!!Bachelor's degree or higher"
"S1501_C04_018M","Percent Males!!Margin of Error!!Population 25 to 34 years!!Bachelor's degree or higher"
"S1501_C04_019E","Percent Males!!Estimate!!Population 35 to 44 years"
"S1501_C04_019M","Percent Males!!Margin of Error!!Population 35 to 44 years"
"S1501_C04_020E","Percent Males!!Estimate!!Population 35 to 44 years!!High school graduate or higher"
"S1501_C04_020M","Percent Males!!Margin of Error!!Population 35 to 44 years!!High school graduate or higher"
"S1501_C04_021E","Percent Males!!Estimate!!Population 35 to 44 years!!Bachelor's degree or higher"
"S1501_C04_021M","Percent Males!!Margin of Error!!Population 35 to 44 years!!Bachelor's degree or higher"
"S1501_C04_022E","Percent Males!!Estimate!!Population 45 to 64 years"
"S1501_C04_022M","Percent Males!!Margin of Error!!Population 45 to 64 years"
"S1501_C04_023E","Percent Males!!Estimate!!Population 45 to 64 years!!High school graduate or higher"
"S1501_C04_023M","Percent Males!!Margin of Error!!Population 45 to 64 years!!High school graduate or higher"
"S1501_C04_024E","Percent Males!!Estimate!!Population 45 to 64 years!!Bachelor's degree or higher"
"S1501_C04_024M","Percent Males!!Margin of Error!!Population 45 to 64 years!!Bachelor's degree or higher"
"S1501_C04_025E","Percent Males!!Estimate!!Population 65 years and over"
"S1501_C04_025M","Percent Males!!Margin of Error!!Population 65 years and over"
"S1501_C04_026E","Percent Males!!Estimate!!Population 65 years and over!!High school graduate or higher"
"S1501_C04_026M","Percent Males!!Margin of Error!!Population 65 years and over!!High school graduate or higher"
"S1501_C04_027E","Percent Males!!Estimate!!Population 65 years and over!!Bachelor's degree or higher"
"S1501_C04_027M","Percent Males!!Margin of Error!!Population 65 years and over!!Bachelor's degree or higher"
"S1501_C04_028E","Percent Males!!Estimate!!RACE AND HISPANIC OR LATINO ORIGIN BY EDUCATIONAL ATTAINMENT!!White alone"
"S1501_C04_028M","Percent Males!!Margin of Error!!RACE AND HISPANIC OR LATINO ORIGIN BY EDUCATIONAL ATTAINMENT!!White alone"
"S1501_C04_029E","Percent Males!!Estimate!!RACE AND HISPANIC OR LATINO ORIGIN BY EDUCATIONAL ATTAINMENT!!White alone!!High school graduate or higher"
"S1501_C04_029M","Percent Males!!Margin of Error!!RACE AND HISPANIC OR LATINO ORIGIN BY EDUCATIONAL ATTAINMENT!!White alone!!High school graduate or higher"
"S1501_C04_030E","Percent Males!!Estimate!!RACE AND HISPANIC OR LATINO ORIGIN BY EDUCATIONAL ATTAINMENT!!White alone!!Bachelor's degree or higher"
"S1501_C04_030M","Percent Males!!Margin of Error!!RACE AND HISPANIC OR LATINO ORIGIN BY EDUCATIONAL ATTAINMENT!!White alone!!Bachelor's degree or higher"
"S1501_C04_031E","Percent Males!!Estimate!!White alone, not Hispanic or Latino"
"S1501_C04_031M","Percent Males!!Margin of Error!!White alone, not Hispanic or Latino"
"S1501_C04_032E","Percent Males!!Estimate!!White alone, not Hispanic or Latino!!High school graduate or higher"
"S1501_C04_032M","Percent Males!!Margin of Error!!White alone, not Hispanic or Latino!!High school graduate or higher"
"S1501_C04_033E","Percent Males!!Estimate!!White alone, not Hispanic or Latino!!Bachelor's degree or higher"
"S1501_C04_033M","Percent Males!!Margin of Error!!White alone, not Hispanic or Latino!!Bachelor's degree or higher"
"S1501_C04_034E","Percent Males!!Estimate!!Black alone"
"S1501_C04_034M","Percent Males!!Margin of Error!!Black alone"
"S1501_C04_035E","Percent Males!!Estimate!!Black alone!!High school graduate or higher"
"S1501_C04_035M","Percent Males!!Margin of Error!!Black alone!!High school graduate or higher"
"S1501_C04_036E","Percent Males!!Estimate!!Black alone!!Bachelor's degree or higher"
"S1501_C04_036M","Percent Males!!Margin of Error!!Black alone!!Bachelor's degree or higher"
"S1501_C04_037E","Percent Males!!Estimate!!American Indian or Alaska Native alone"
"S1501_C04_037M","Percent Males!!Margin of Error!!American Indian or Alaska Native alone"
"S1501_C04_038E","Percent Males!!Estimate!!American Indian or Alaska Native alone!!High school graduate or higher"
"S1501_C04_038M","Percent Males!!Margin of Error!!American Indian or Alaska Native alone!!High school graduate or higher"
"S1501_C04_039E","Percent Males!!Estimate!!American Indian or Alaska Native alone!!Bachelor's degree or higher"
"S1501_C04_039M","Percent Males!!Margin of Error!!American Indian or Alaska Native alone!!Bachelor's degree or higher"
"S1501_C04_040E","Percent Males!!Estimate!!Asian alone"
"S1501_C04_040M","Percent Males!!Margin of Error!!Asian alone"
"S1501_C04_041E","Percent Males!!Estimate!!Asian alone!!High school graduate or higher"
"S1501_C04_041M","Percent Males!!Margin of Error!!Asian alone!!High school graduate or higher"
"S1501_C04_042E","Percent Males!!Estimate!!Asian alone!!Bachelor's degree or higher"
"S1501_C04_042M","Percent Males!!Margin of Error!!Asian alone!!Bachelor's degree or higher"
"S1501_C04_043E","Percent Males!!Estimate!!Native Hawaiian and Other Pacific Islander alone"
"S1501_C04_043M","Percent Males!!Margin of Error!!Native Hawaiian and Other Pacific Islander alone"
"S1501_C04_044E","Percent Males!!Estimate!!Native Hawaiian and Other Pacific Islander alone!!High school graduate or higher"
"S1501_C04_044M","Percent Males!!Margin of Error!!Native Hawaiian and Other Pacific Islander alone!!High school graduate or higher"
"S1501_C04_045E","Percent Males!!Estimate!!Native Hawaiian and Other Pacific Islander alone!!Bachelor's degree or higher"
"S1501_C04_045M","Percent Males!!Margin of Error!!Native Hawaiian and Other Pacific Islander alone!!Bachelor's degree or higher"
"S1501_C04_046E","Percent Males!!Estimate!!Some other race alone"
"S1501_C04_046M","Percent Males!!Margin of Error!!Some other race alone"
"S1501_C04_047E","Percent Males!!Estimate!!Some other race alone!!High school graduate or higher"
"S1501_C04_047M","Percent Males!!Margin of Error!!Some other race alone!!High school graduate or higher"
"S1501_C04_048E","Percent Males!!Estimate!!Some other race alone!!Bachelor's degree or higher"
"S1501_C04_048M","Percent Males!!Margin of Error!!Some other race alone!!Bachelor's degree or higher"
"S1501_C04_049E","Percent Males!!Estimate!!Two or more races"
"S1501_C04_049M","Percent Males!!Margin of Error!!Two or more races"
"S1501_C04_050E","Percent Males!!Estimate!!Two or more races!!High school graduate or higher"
"S1501_C04_050M","Percent Males!!Margin of Error!!Two or more races!!High school graduate or higher"
"S1501_C04_051E","Percent Males!!Estimate!!Two or more races!!Bachelor's degree or higher"
"S1501_C04_051M","Percent Males!!Margin of Error!!Two or more races!!Bachelor's degree or higher"
"S1501_C04_052E","Percent Males!!Estimate!!Hispanic or Latino Origin"
"S1501_C04_052M","Percent Males!!Margin of Error!!Hispanic or Latino Origin"
"S1501_C04_053E","Percent Males!!Estimate!!Hispanic or Latino Origin!!High school graduate or higher"
"S1501_C04_053M","Percent Males!!Margin of Error!!Hispanic or Latino Origin!!High school graduate or higher"
"S1501_C04_054E","Percent Males!!Estimate!!Hispanic or Latino Origin!!Bachelor's degree or higher"
"S1501_C04_054M","Percent Males!!Margin of Error!!Hispanic or Latino Origin!!Bachelor's degree or higher"
"S1501_C04_055E","Percent Males!!Estimate!!POVERTY RATE FOR THE POPULATION 25 YEARS AND OVER FOR WHOM POVERTY STATUS IS DETERMINED BY EDUCATIONAL ATTAINMENT LEVEL!!Less than high school graduate"
"S1501_C04_055M","Percent Males!!Margin of Error!!POVERTY RATE FOR THE POPULATION 25 YEARS AND OVER FOR WHOM POVERTY STATUS IS DETERMINED BY EDUCATIONAL ATTAINMENT LEVEL!!Less than high school graduate"
"S1501_C04_056E","Percent Males!!Estimate!!POVERTY RATE FOR THE POPULATION 25 YEARS AND OVER FOR WHOM POVERTY STATUS IS DETERMINED BY EDUCATIONAL ATTAINMENT LEVEL!!High school graduate (includes equivalency)"
"S1501_C04_056M","Percent Males!!Margin of Error!!POVERTY RATE FOR THE POPULATION 25 YEARS AND OVER FOR WHOM POVERTY STATUS IS DETERMINED BY EDUCATIONAL ATTAINMENT LEVEL!!High school graduate (includes equivalency)"
"S1501_C04_057E","Percent Males!!Estimate!!POVERTY RATE FOR THE POPULATION 25 YEARS AND OVER FOR WHOM POVERTY STATUS IS DETERMINED BY EDUCATIONAL ATTAINMENT LEVEL!!Some college or associate's degree"
"S1501_C04_057M","Percent Males!!Margin of Error!!POVERTY RATE FOR THE POPULATION 25 YEARS AND OVER FOR WHOM POVERTY STATUS IS DETERMINED BY EDUCATIONAL ATTAINMENT LEVEL!!Some college or associate's degree"
"S1501_C04_058E","Percent Males!!Estimate!!POVERTY RATE FOR THE POPULATION 25 YEARS AND OVER FOR WHOM POVERTY STATUS IS DETERMINED BY EDUCATIONAL ATTAINMENT LEVEL!!Bachelor's degree or higher"
"S1501_C04_058M","Percent Males!!Margin of Error!!POVERTY RATE FOR THE POPULATION 25 YEARS AND OVER FOR WHOM POVERTY STATUS IS DETERMINED BY EDUCATIONAL ATTAINMENT LEVEL!!Bachelor's degree or higher"
"S1501_C04_059E","Percent Males!!Estimate!!MEDIAN EARNINGS IN THE PAST 12 MONTHS (IN 2016 INFLATION-ADJUSTED DOLLARS)!!Population 25 years and over with earnings"
"S1501_C04_059M","Percent Males!!Margin of Error!!MEDIAN EARNINGS IN THE PAST 12 MONTHS (IN 2016 INFLATION-ADJUSTED DOLLARS)!!Population 25 years and over with earnings"
"S1501_C04_060E","Percent Males!!Estimate!!MEDIAN EARNINGS IN THE PAST 12 MONTHS (IN 2016 INFLATION-ADJUSTED DOLLARS)!!Population 25 years and over with earnings!!Less than high school graduate"
"S1501_C04_060M","Percent Males!!Margin of Error!!MEDIAN EARNINGS IN THE PAST 12 MONTHS (IN 2016 INFLATION-ADJUSTED DOLLARS)!!Population 25 years and over with earnings!!Less than high school graduate"
"S1501_C04_061E","Percent Males!!Estimate!!MEDIAN EARNINGS IN THE PAST 12 MONTHS (IN 2016 INFLATION-ADJUSTED DOLLARS)!!Population 25 years and over with earnings!!High school graduate (includes equivalency)"
"S1501_C04_061M","Percent Males!!Margin of Error!!MEDIAN EARNINGS IN THE PAST 12 MONTHS (IN 2016 INFLATION-ADJUSTED DOLLARS)!!Population 25 years and over with earnings!!High school graduate (includes equivalency)"
"S1501_C04_062E","Percent Males!!Estimate!!MEDIAN EARNINGS IN THE PAST 12 MONTHS (IN 2016 INFLATION-ADJUSTED DOLLARS)!!Population 25 years and over with earnings!!Some college or associate's degree"
"S1501_C04_062M","Percent Males!!Margin of Error!!MEDIAN EARNINGS IN THE PAST 12 MONTHS (IN 2016 INFLATION-ADJUSTED DOLLARS)!!Population 25 years and over with earnings!!Some college or associate's degree"
"S1501_C04_063E","Percent Males!!Estimate!!MEDIAN EARNINGS IN THE PAST 12 MONTHS (IN 2016 INFLATION-ADJUSTED DOLLARS)!!Population 25 years and over with earnings!!Bachelor's degree"
"S1501_C04_063M","Percent Males!!Margin of Error!!MEDIAN EARNINGS IN THE PAST 12 MONTHS (IN 2016 INFLATION-ADJUSTED DOLLARS)!!Population 25 years and over with earnings!!Bachelor's degree"
"S1501_C04_064E","Percent Males!!Estimate!!MEDIAN EARNINGS IN THE PAST 12 MONTHS (IN 2016 INFLATION-ADJUSTED DOLLARS)!!Population 25 years and over with earnings!!Graduate or professional degree"
"S1501_C04_064M","Percent Males!!Margin of Error!!MEDIAN EARNINGS IN THE PAST 12 MONTHS (IN 2016 INFLATION-ADJUSTED DOLLARS)!!Population 25 years and over with earnings!!Graduate or professional degree"
"S1501_C05_001E","Females!!Estimate!!Population 18 to 24 years"
"S1501_C05_001M","Females!!Margin of Error!!Population 18 to 24 years"
"S1501_C05_002E","Females!!Estimate!!Population 18 to 24 years!!Less than high school graduate"
"S1501_C05_002M","Females!!Margin of Error!!Population 18 to 24 years!!Less than high school graduate"
"S1501_C05_003E","Females!!Estimate!!Population 18 to 24 years!!High school graduate (includes equivalency)"
"S1501_C05_003M","Females!!Margin of Error!!Population 18 to 24 years!!High school graduate (includes equivalency)"
"S1501_C05_004E","Females!!Estimate!!Population 18 to 24 years!!Some college or associate's degree"
"S1501_C05_004M","Females!!Margin of Error!!Population 18 to 24 years!!Some college or associate's degree"
"S1501_C05_005E","Females!!Estimate!!Population 18 to 24 years!!Bachelor's degree or higher"
"S1501_C05_005M","Females!!Margin of Error!!Population 18 to 24 years!!Bachelor's degree or higher"
"S1501_C05_006E","Females!!Estimate!!Population 25 years and over"
"S1501_C05_006M","Females!!Margin of Error!!Population 25 years and over"
"S1501_C05_007E","Females!!Estimate!!Population 25 years and over!!Less than 9th grade"
"S1501_C05_007M","Females!!Margin of Error!!Population 25 years and over!!Less than 9th grade"
"S1501_C05_008E","Females!!Estimate!!Population 25 years and over!!9th to 12th grade, no diploma"
"S1501_C05_008M","Females!!Margin of Error!!Population 25 years and over!!9th to 12th grade, no diploma"
"S1501_C05_009E","Females!!Estimate!!Population 25 years and over!!High school graduate (includes equivalency)"
"S1501_C05_009M","Females!!Margin of Error!!Population 25 years and over!!High school graduate (includes equivalency)"
"S1501_C05_010E","Females!!Estimate!!Population 25 years and over!!Some college, no degree"
"S1501_C05_010M","Females!!Margin of Error!!Population 25 years and over!!Some college, no degree"
"S1501_C05_011E","Females!!Estimate!!Population 25 years and over!!Associate's degree"
"S1501_C05_011M","Females!!Margin of Error!!Population 25 years and over!!Associate's degree"
"S1501_C05_012E","Females!!Estimate!!Population 25 years and over!!Bachelor's degree"
"S1501_C05_012M","Females!!Margin of Error!!Population 25 years and over!!Bachelor's degree"
"S1501_C05_013E","Females!!Estimate!!Population 25 years and over!!Graduate or professional degree"
"S1501_C05_013M","Females!!Margin of Error!!Population 25 years and over!!Graduate or professional degree"
"S1501_C05_014E","Females!!Estimate!!Percent high school graduate or higher"
"S1501_C05_014M","Females!!Margin of Error!!Percent high school graduate or higher"
"S1501_C05_015E","Females!!Estimate!!Percent bachelor's degree or higher"
"S1501_C05_015M","Females!!Margin of Error!!Percent bachelor's degree or higher"
"S1501_C05_016E","Females!!Estimate!!Population 25 to 34 years"
"S1501_C05_016M","Females!!Margin of Error!!Population 25 to 34 years"
"S1501_C05_017E","Females!!Estimate!!Population 25 to 34 years!!High school graduate or higher"
"S1501_C05_017M","Females!!Margin of Error!!Population 25 to 34 years!!High school graduate or higher"
"S1501_C05_018E","Females!!Estimate!!Population 25 to 34 years!!Bachelor's degree or higher"
"S1501_C05_018M","Females!!Margin of Error!!Population 25 to 34 years!!Bachelor's degree or higher"
"S1501_C05_019E","Females!!Estimate!!Population 35 to 44 years"
"S1501_C05_019M","Females!!Margin of Error!!Population 35 to 44 years"
"S1501_C05_020E","Females!!Estimate!!Population 35 to 44 years!!High school graduate or higher"
"S1501_C05_020M","Females!!Margin of Error!!Population 35 to 44 years!!High school graduate or higher"
"S1501_C05_021E","Females!!Estimate!!Population 35 to 44 years!!Bachelor's degree or higher"
"S1501_C05_021M","Females!!Margin of Error!!Population 35 to 44 years!!Bachelor's degree or higher"
"S1501_C05_022E","Females!!Estimate!!Population 45 to 64 years"
"S1501_C05_022M","Females!!Margin of Error!!Population 45 to 64 years"
"S1501_C05_023E","Females!!Estimate!!Population 45 to 64 years!!High school graduate or higher"
"S1501_C05_023M","Females!!Margin of Error!!Population 45 to 64 years!!High school graduate or higher"
"S1501_C05_024E","Females!!Estimate!!Population 45 to 64 years!!Bachelor's degree or higher"
"S1501_C05_024M","Females!!Margin of Error!!Population 45 to 64 years!!Bachelor's degree or higher"
"S1501_C05_025E","Females!!Estimate!!Population 65 years and over"
"S1501_C05_025M","Females!!Margin of Error!!Population 65 years and over"
"S1501_C05_026E","Females!!Estimate!!Population 65 years and over!!High school graduate or higher"
"S1501_C05_026M","Females!!Margin of Error!!Population 65 years and over!!High school graduate or higher"
"S1501_C05_027E","Females!!Estimate!!Population 65 years and over!!Bachelor's degree or higher"
"S1501_C05_027M","Females!!Margin of Error!!Population 65 years and over!!Bachelor's degree or higher"
"S1501_C05_028E","Females!!Estimate!!RACE AND HISPANIC OR LATINO ORIGIN BY EDUCATIONAL ATTAINMENT!!White alone"
"S1501_C05_028M","Females!!Margin of Error!!RACE AND HISPANIC OR LATINO ORIGIN BY EDUCATIONAL ATTAINMENT!!White alone"
"S1501_C05_029E","Females!!Estimate!!RACE AND HISPANIC OR LATINO ORIGIN BY EDUCATIONAL ATTAINMENT!!White alone!!High school graduate or higher"
"S1501_C05_029M","Females!!Margin of Error!!RACE AND HISPANIC OR LATINO ORIGIN BY EDUCATIONAL ATTAINMENT!!White alone!!High school graduate or higher"
"S1501_C05_030E","Females!!Estimate!!RACE AND HISPANIC OR LATINO ORIGIN BY EDUCATIONAL ATTAINMENT!!White alone!!Bachelor's degree or higher"
"S1501_C05_030M","Females!!Margin of Error!!RACE AND HISPANIC OR LATINO ORIGIN BY EDUCATIONAL ATTAINMENT!!White alone!!Bachelor's degree or higher"
"S1501_C05_031E","Females!!Estimate!!White alone, not Hispanic or Latino"
"S1501_C05_031M","Females!!Margin of Error!!White alone, not Hispanic or Latino"
"S1501_C05_032E","Females!!Estimate!!White alone, not Hispanic or Latino!!High school graduate or higher"
"S1501_C05_032M","Females!!Margin of Error!!White alone, not Hispanic or Latino!!High school graduate or higher"
"S1501_C05_033E","Females!!Estimate!!White alone, not Hispanic or Latino!!Bachelor's degree or higher"
"S1501_C05_033M","Females!!Margin of Error!!White alone, not Hispanic or Latino!!Bachelor's degree or higher"
"S1501_C05_034E","Females!!Estimate!!Black alone"
"S1501_C05_034M","Females!!Margin of Error!!Black alone"
"S1501_C05_035E","Females!!Estimate!!Black alone!!High school graduate or higher"
"S1501_C05_035M","Females!!Margin of Error!!Black alone!!High school graduate or higher"
"S1501_C05_036E","Females!!Estimate!!Black alone!!Bachelor's degree or higher"
"S1501_C05_036M","Females!!Margin of Error!!Black alone!!Bachelor's degree or higher"
"S1501_C05_037E","Females!!Estimate!!American Indian or Alaska Native alone"
"S1501_C05_037M","Females!!Margin of Error!!American Indian or Alaska Native alone"
"S1501_C05_038E","Females!!Estimate!!American Indian or Alaska Native alone!!High school graduate or higher"
"S1501_C05_038M","Females!!Margin of Error!!American Indian or Alaska Native alone!!High school graduate or higher"
"S1501_C05_039E","Females!!Estimate!!American Indian or Alaska Native alone!!Bachelor's degree or higher"
"S1501_C05_039M","Females!!Margin of Error!!American Indian or Alaska Native alone!!Bachelor's degree or higher"
"S1501_C05_040E","Females!!Estimate!!Asian alone"
"S1501_C05_040M","Females!!Margin of Error!!Asian alone"
"S1501_C05_041E","Females!!Estimate!!Asian alone!!High school graduate or higher"
"S1501_C05_041M","Females!!Margin of Error!!Asian alone!!High school graduate or higher"
"S1501_C05_042E","Females!!Estimate!!Asian alone!!Bachelor's degree or higher"
"S1501_C05_042M","Females!!Margin of Error!!Asian alone!!Bachelor's degree or higher"
"S1501_C05_043E","Females!!Estimate!!Native Hawaiian and Other Pacific Islander alone"
"S1501_C05_043M","Females!!Margin of Error!!Native Hawaiian and Other Pacific Islander alone"
"S1501_C05_044E","Females!!Estimate!!Native Hawaiian and Other Pacific Islander alone!!High school graduate or higher"
"S1501_C05_044M","Females!!Margin of Error!!Native Hawaiian and Other Pacific Islander alone!!High school graduate or higher"
"S1501_C05_045E","Females!!Estimate!!Native Hawaiian and Other Pacific Islander alone!!Bachelor's degree or higher"
"S1501_C05_045M","Females!!Margin of Error!!Native Hawaiian and Other Pacific Islander alone!!Bachelor's degree or higher"
"S1501_C05_046E","Females!!Estimate!!Some other race alone"
"S1501_C05_046M","Females!!Margin of Error!!Some other race alone"
"S1501_C05_047E","Females!!Estimate!!Some other race alone!!High school graduate or higher"
"S1501_C05_047M","Females!!Margin of Error!!Some other race alone!!High school graduate or higher"
"S1501_C05_048E","Females!!Estimate!!Some other race alone!!Bachelor's degree or higher"
"S1501_C05_048M","Females!!Margin of Error!!Some other race alone!!Bachelor's degree or higher"
"S1501_C05_049E","Females!!Estimate!!Two or more races"
"S1501_C05_049M","Females!!Margin of Error!!Two or more races"
"S1501_C05_050E","Females!!Estimate!!Two or more races!!High school graduate or higher"
"S1501_C05_050M","Females!!Margin of Error!!Two or more races!!High school graduate or higher"
"S1501_C05_051E","Females!!Estimate!!Two or more races!!Bachelor's degree or higher"
"S1501_C05_051M","Females!!Margin of Error!!Two or more races!!Bachelor's degree or higher"
"S1501_C05_052E","Females!!Estimate!!Hispanic or Latino Origin"
"S1501_C05_052M","Females!!Margin of Error!!Hispanic or Latino Origin"
"S1501_C05_053E","Females!!Estimate!!Hispanic or Latino Origin!!High school graduate or higher"
"S1501_C05_053M","Females!!Margin of Error!!Hispanic or Latino Origin!!High school graduate or higher"
"S1501_C05_054E","Females!!Estimate!!Hispanic or Latino Origin!!Bachelor's degree or higher"
"S1501_C05_054M","Females!!Margin of Error!!Hispanic or Latino Origin!!Bachelor's degree or higher"
"S1501_C05_055E","Females!!Estimate!!POVERTY RATE FOR THE POPULATION 25 YEARS AND OVER FOR WHOM POVERTY STATUS IS DETERMINED BY EDUCATIONAL ATTAINMENT LEVEL!!Less than high school graduate"
"S1501_C05_055M","Females!!Margin of Error!!POVERTY RATE FOR THE POPULATION 25 YEARS AND OVER FOR WHOM POVERTY STATUS IS DETERMINED BY EDUCATIONAL ATTAINMENT LEVEL!!Less than high school graduate"
"S1501_C05_056E","Females!!Estimate!!POVERTY RATE FOR THE POPULATION 25 YEARS AND OVER FOR WHOM POVERTY STATUS IS DETERMINED BY EDUCATIONAL ATTAINMENT LEVEL!!High school graduate (includes equivalency)"
"S1501_C05_056M","Females!!Margin of Error!!POVERTY RATE FOR THE POPULATION 25 YEARS AND OVER FOR WHOM POVERTY STATUS IS DETERMINED BY EDUCATIONAL ATTAINMENT LEVEL!!High school graduate (includes equivalency)"
"S1501_C05_057E","Females!!Estimate!!POVERTY RATE FOR THE POPULATION 25 YEARS AND OVER FOR WHOM POVERTY STATUS IS DETERMINED BY EDUCATIONAL ATTAINMENT LEVEL!!Some college or associate's degree"
"S1501_C05_057M","Females!!Margin of Error!!POVERTY RATE FOR THE POPULATION 25 YEARS AND OVER FOR WHOM POVERTY STATUS IS DETERMINED BY EDUCATIONAL ATTAINMENT LEVEL!!Some college or associate's degree"
"S1501_C05_058E","Females!!Estimate!!POVERTY RATE FOR THE POPULATION 25 YEARS AND OVER FOR WHOM POVERTY STATUS IS DETERMINED BY EDUCATIONAL ATTAINMENT LEVEL!!Bachelor's degree or higher"
"S1501_C05_058M","Females!!Margin of Error!!POVERTY RATE FOR THE POPULATION 25 YEARS AND OVER FOR WHOM POVERTY STATUS IS DETERMINED BY EDUCATIONAL ATTAINMENT LEVEL!!Bachelor's degree or higher"
"S1501_C05_059E","Females!!Estimate!!MEDIAN EARNINGS IN THE PAST 12 MONTHS (IN 2016 INFLATION-ADJUSTED DOLLARS)!!Population 25 years and over with earnings"
"S1501_C05_059M","Females!!Margin of Error!!MEDIAN EARNINGS IN THE PAST 12 MONTHS (IN 2016 INFLATION-ADJUSTED DOLLARS)!!Population 25 years and over with earnings"
"S1501_C05_060E","Females!!Estimate!!MEDIAN EARNINGS IN THE PAST 12 MONTHS (IN 2016 INFLATION-ADJUSTED DOLLARS)!!Population 25 years and over with earnings!!Less than high school graduate"
"S1501_C05_060M","Females!!Margin of Error!!MEDIAN EARNINGS IN THE PAST 12 MONTHS (IN 2016 INFLATION-ADJUSTED DOLLARS)!!Population 25 years and over with earnings!!Less than high school graduate"
"S1501_C05_061E","Females!!Estimate!!MEDIAN EARNINGS IN THE PAST 12 MONTHS (IN 2016 INFLATION-ADJUSTED DOLLARS)!!Population 25 years and over with earnings!!High school graduate (includes equivalency)"
"S1501_C05_061M","Females!!Margin of Error!!MEDIAN EARNINGS IN THE PAST 12 MONTHS (IN 2016 INFLATION-ADJUSTED DOLLARS)!!Population 25 years and over with earnings!!High school graduate (includes equivalency)"
"S1501_C05_062E","Females!!Estimate!!MEDIAN EARNINGS IN THE PAST 12 MONTHS (IN 2016 INFLATION-ADJUSTED DOLLARS)!!Population 25 years and over with earnings!!Some college or associate's degree"
"S1501_C05_062M","Females!!Margin of Error!!MEDIAN EARNINGS IN THE PAST 12 MONTHS (IN 2016 INFLATION-ADJUSTED DOLLARS)!!Population 25 years and over with earnings!!Some college or associate's degree"
"S1501_C05_063E","Females!!Estimate!!MEDIAN EARNINGS IN THE PAST 12 MONTHS (IN 2016 INFLATION-ADJUSTED DOLLARS)!!Population 25 years and over with earnings!!Bachelor's degree"
"S1501_C05_063M","Females!!Margin of Error!!MEDIAN EARNINGS IN THE PAST 12 MONTHS (IN 2016 INFLATION-ADJUSTED DOLLARS)!!Population 25 years and over with earnings!!Bachelor's degree"
"S1501_C05_064E","Females!!Estimate!!MEDIAN EARNINGS IN THE PAST 12 MONTHS (IN 2016 INFLATION-ADJUSTED DOLLARS)!!Population 25 years and over with earnings!!Graduate or professional degree"
"S1501_C05_064M","Females!!Margin of Error!!MEDIAN EARNINGS IN THE PAST 12 MONTHS (IN 2016 INFLATION-ADJUSTED DOLLARS)!!Population 25 years and over with earnings!!Graduate or professional degree"
"S1501_C06_001E","Percent Females!!Estimate!!Population 18 to 24 years"
"S1501_C06_001M","Percent Females!!Margin of Error!!Population 18 to 24 years"
"S1501_C06_002E","Percent Females!!Estimate!!Population 18 to 24 years!!Less than high school graduate"
"S1501_C06_002M","Percent Females!!Margin of Error!!Population 18 to 24 years!!Less than high school graduate"
"S1501_C06_003E","Percent Females!!Estimate!!Population 18 to 24 years!!High school graduate (includes equivalency)"
"S1501_C06_003M","Percent Females!!Margin of Error!!Population 18 to 24 years!!High school graduate (includes equivalency)"
"S1501_C06_004E","Percent Females!!Estimate!!Population 18 to 24 years!!Some college or associate's degree"
"S1501_C06_004M","Percent Females!!Margin of Error!!Population 18 to 24 years!!Some college or associate's degree"
"S1501_C06_005E","Percent Females!!Estimate!!Population 18 to 24 years!!Bachelor's degree or higher"
"S1501_C06_005M","Percent Females!!Margin of Error!!Population 18 to 24 years!!Bachelor's degree or higher"
"S1501_C06_006E","Percent Females!!Estimate!!Population 25 years and over"
"S1501_C06_006M","Percent Females!!Margin of Error!!Population 25 years and over"
"S1501_C06_007E","Percent Females!!Estimate!!Population 25 years and over!!Less than 9th grade"
"S1501_C06_007M","Percent Females!!Margin of Error!!Population 25 years and over!!Less than 9th grade"
"S1501_C06_008E","Percent Females!!Estimate!!Population 25 years and over!!9th to 12th grade, no diploma"
"S1501_C06_008M","Percent Females!!Margin of Error!!Population 25 years and over!!9th to 12th grade, no diploma"
"S1501_C06_009E","Percent Females!!Estimate!!Population 25 years and over!!High school graduate (includes equivalency)"
"S1501_C06_009M","Percent Females!!Margin of Error!!Population 25 years and over!!High school graduate (includes equivalency)"
"S1501_C06_010E","Percent Females!!Estimate!!Population 25 years and over!!Some college, no degree"
"S1501_C06_010M","Percent Females!!Margin of Error!!Population 25 years and over!!Some college, no degree"
"S1501_C06_011E","Percent Females!!Estimate!!Population 25 years and over!!Associate's degree"
"S1501_C06_011M","Percent Females!!Margin of Error!!Population 25 years and over!!Associate's degree"
"S1501_C06_012E","Percent Females!!Estimate!!Population 25 years and over!!Bachelor's degree"
"S1501_C06_012M","Percent Females!!Margin of Error!!Population 25 years and over!!Bachelor's degree"
"S1501_C06_013E","Percent Females!!Estimate!!Population 25 years and over!!Graduate or professional degree"
"S1501_C06_013M","Percent Females!!Margin of Error!!Population 25 years and over!!Graduate or professional degree"
"S1501_C06_014E","Percent Females!!Estimate!!Percent high school graduate or higher"
"S1501_C06_014M","Percent Females!!Margin of Error!!Percent high school graduate or higher"
"S1501_C06_015E","Percent Females!!Estimate!!Percent bachelor's degree or higher"
"S1501_C06_015M","Percent Females!!Margin of Error!!Percent bachelor's degree or higher"
"S1501_C06_016E","Percent Females!!Estimate!!Population 25 to 34 years"
"S1501_C06_016M","Percent Females!!Margin of Error!!Population 25 to 34 years"
"S1501_C06_017E","Percent Females!!Estimate!!Population 25 to 34 years!!High school graduate or higher"
"S1501_C06_017M","Percent Females!!Margin of Error!!Population 25 to 34 years!!High school graduate or higher"
"S1501_C06_018E","Percent Females!!Estimate!!Population 25 to 34 years!!Bachelor's degree or higher"
"S1501_C06_018M","Percent Females!!Margin of Error!!Population 25 to 34 years!!Bachelor's degree or higher"
"S1501_C06_019E","Percent Females!!Estimate!!Population 35 to 44 years"
"S1501_C06_019M","Percent Females!!Margin of Error!!Population 35 to 44 years"
"S1501_C06_020E","Percent Females!!Estimate!!Population 35 to 44 years!!High school graduate or higher"
"S1501_C06_020M","Percent Females!!Margin of Error!!Population 35 to 44 years!!High school graduate or higher"
"S1501_C06_021E","Percent Females!!Estimate!!Population 35 to 44 years!!Bachelor's degree or higher"
"S1501_C06_021M","Percent Females!!Margin of Error!!Population 35 to 44 years!!Bachelor's degree or higher"
"S1501_C06_022E","Percent Females!!Estimate!!Population 45 to 64 years"
"S1501_C06_022M","Percent Females!!Margin of Error!!Population 45 to 64 years"
"S1501_C06_023E","Percent Females!!Estimate!!Population 45 to 64 years!!High school graduate or higher"
"S1501_C06_023M","Percent Females!!Margin of Error!!Population 45 to 64 years!!High school graduate or higher"
"S1501_C06_024E","Percent Females!!Estimate!!Population 45 to 64 years!!Bachelor's degree or higher"
"S1501_C06_024M","Percent Females!!Margin of Error!!Population 45 to 64 years!!Bachelor's degree or higher"
"S1501_C06_025E","Percent Females!!Estimate!!Population 65 years and over"
"S1501_C06_025M","Percent Females!!Margin of Error!!Population 65 years and over"
"S1501_C06_026E","Percent Females!!Estimate!!Population 65 years and over!!High school graduate or higher"
"S1501_C06_026M","Percent Females!!Margin of Error!!Population 65 years and over!!High school graduate or higher"
"S1501_C06_027E","Percent Females!!Estimate!!Population 65 years and over!!Bachelor's degree or higher"
"S1501_C06_027M","Percent Females!!Margin of Error!!Population 65 years and over!!Bachelor's degree or higher"
"S1501_C06_028E","Percent Females!!Estimate!!RACE AND HISPANIC OR LATINO ORIGIN BY EDUCATIONAL ATTAINMENT!!White alone"
"S1501_C06_028M","Percent Females!!Margin of Error!!RACE AND HISPANIC OR LATINO ORIGIN BY EDUCATIONAL ATTAINMENT!!White alone"
"S1501_C06_029E","Percent Females!!Estimate!!RACE AND HISPANIC OR LATINO ORIGIN BY EDUCATIONAL ATTAINMENT!!White alone!!High school graduate or higher"
"S1501_C06_029M","Percent Females!!Margin of Error!!RACE AND HISPANIC OR LATINO ORIGIN BY EDUCATIONAL ATTAINMENT!!White alone!!High school graduate or higher"
"S1501_C06_030E","Percent Females!!Estimate!!RACE AND HISPANIC OR LATINO ORIGIN BY EDUCATIONAL ATTAINMENT!!White alone!!Bachelor's degree or higher"
"S1501_C06_030M","Percent Females!!Margin of Error!!RACE AND HISPANIC OR LATINO ORIGIN BY EDUCATIONAL ATTAINMENT!!White alone!!Bachelor's degree or higher"
"S1501_C06_031E","Percent Females!!Estimate!!White alone, not Hispanic or Latino"
"S1501_C06_031M","Percent Females!!Margin of Error!!White alone, not Hispanic or Latino"
"S1501_C06_032E","Percent Females!!Estimate!!White alone, not Hispanic or Latino!!High school graduate or higher"
"S1501_C06_032M","Percent Females!!Margin of Error!!White alone, not Hispanic or Latino!!High school graduate or higher"
"S1501_C06_033E","Percent Females!!Estimate!!White alone, not Hispanic or Latino!!Bachelor's degree or higher"
"S1501_C06_033M","Percent Females!!Margin of Error!!White alone, not Hispanic or Latino!!Bachelor's degree or higher"
"S1501_C06_034E","Percent Females!!Estimate!!Black alone"
"S1501_C06_034M","Percent Females!!Margin of Error!!Black alone"
"S1501_C06_035E","Percent Females!!Estimate!!Black alone!!High school graduate or higher"
"S1501_C06_035M","Percent Females!!Margin of Error!!Black alone!!High school graduate or higher"
"S1501_C06_036E","Percent Females!!Estimate!!Black alone!!Bachelor's degree or higher"
"S1501_C06_036M","Percent Females!!Margin of Error!!Black alone!!Bachelor's degree or higher"
"S1501_C06_037E","Percent Females!!Estimate!!American Indian or Alaska Native alone"
"S1501_C06_037M","Percent Females!!Margin of Error!!American Indian or Alaska Native alone"
"S1501_C06_038E","Percent Females!!Estimate!!American Indian or Alaska Native alone!!High school graduate or higher"
"S1501_C06_038M","Percent Females!!Margin of Error!!American Indian or Alaska Native alone!!High school graduate or higher"
"S1501_C06_039E","Percent Females!!Estimate!!American Indian or Alaska Native alone!!Bachelor's degree or higher"
"S1501_C06_039M","Percent Females!!Margin of Error!!American Indian or Alaska Native alone!!Bachelor's degree or higher"
"S1501_C06_040E","Percent Females!!Estimate!!Asian alone"
"S1501_C06_040M","Percent Females!!Margin of Error!!Asian alone"
"S1501_C06_041E","Percent Females!!Estimate!!Asian alone!!High school graduate or higher"
"S1501_C06_041M","Percent Females!!Margin of Error!!Asian alone!!High school graduate or higher"
"S1501_C06_042E","Percent Females!!Estimate!!Asian alone!!Bachelor's degree or higher"
"S1501_C06_042M","Percent Females!!Margin of Error!!Asian alone!!Bachelor's degree or higher"
"S1501_C06_043E","Percent Females!!Estimate!!Native Hawaiian and Other Pacific Islander alone"
"S1501_C06_043M","Percent Females!!Margin of Error!!Native Hawaiian and Other Pacific Islander alone"
"S1501_C06_044E","Percent Females!!Estimate!!Native Hawaiian and Other Pacific Islander alone!!High school graduate or higher"
"S1501_C06_044M","Percent Females!!Margin of Error!!Native Hawaiian and Other Pacific Islander alone!!High school graduate or higher"
"S1501_C06_045E","Percent Females!!Estimate!!Native Hawaiian and Other Pacific Islander alone!!Bachelor's degree or higher"
"S1501_C06_045M","Percent Females!!Margin of Error!!Native Hawaiian and Other Pacific Islander alone!!Bachelor's degree or higher"
"S1501_C06_046E","Percent Females!!Estimate!!Some other race alone"
"S1501_C06_046M","Percent Females!!Margin of Error!!Some other race alone"
"S1501_C06_047E","Percent Females!!Estimate!!Some other race alone!!High school graduate or higher"
"S1501_C06_047M","Percent Females!!Margin of Error!!Some other race alone!!High school graduate or higher"
"S1501_C06_048E","Percent Females!!Estimate!!Some other race alone!!Bachelor's degree or higher"
"S1501_C06_048M","Percent Females!!Margin of Error!!Some other race alone!!Bachelor's degree or higher"
"S1501_C06_049E","Percent Females!!Estimate!!Two or more races"
"S1501_C06_049M","Percent Females!!Margin of Error!!Two or more races"
"S1501_C06_050E","Percent Females!!Estimate!!Two or more races!!High school graduate or higher"
"S1501_C06_050M","Percent Females!!Margin of Error!!Two or more races!!High school graduate or higher"
"S1501_C06_051E","Percent Females!!Estimate!!Two or more races!!Bachelor's degree or higher"
"S1501_C06_051M","Percent Females!!Margin of Error!!Two or more races!!Bachelor's degree or higher"
"S1501_C06_052E","Percent Females!!Estimate!!Hispanic or Latino Origin"
"S1501_C06_052M","Percent Females!!Margin of Error!!Hispanic or Latino Origin"
"S1501_C06_053E","Percent Females!!Estimate!!Hispanic or Latino Origin!!High school graduate or higher"
"S1501_C06_053M","Percent Females!!Margin of Error!!Hispanic or Latino Origin!!High school graduate or higher"
"S1501_C06_054E","Percent Females!!Estimate!!Hispanic or Latino Origin!!Bachelor's degree or higher"
"S1501_C06_054M","Percent Females!!Margin of Error!!Hispanic or Latino Origin!!Bachelor's degree or higher"
"S1501_C06_055E","Percent Females!!Estimate!!POVERTY RATE FOR THE POPULATION 25 YEARS AND OVER FOR WHOM POVERTY STATUS IS DETERMINED BY EDUCATIONAL ATTAINMENT LEVEL!!Less than high school graduate"
"S1501_C06_055M","Percent Females!!Margin of Error!!POVERTY RATE FOR THE POPULATION 25 YEARS AND OVER FOR WHOM POVERTY STATUS IS DETERMINED BY EDUCATIONAL ATTAINMENT LEVEL!!Less than high school graduate"
"S1501_C06_056E","Percent Females!!Estimate!!POVERTY RATE FOR THE POPULATION 25 YEARS AND OVER FOR WHOM POVERTY STATUS IS DETERMINED BY EDUCATIONAL ATTAINMENT LEVEL!!High school graduate (includes equivalency)"
"S1501_C06_056M","Percent Females!!Margin of Error!!POVERTY RATE FOR THE POPULATION 25 YEARS AND OVER FOR WHOM POVERTY STATUS IS DETERMINED BY EDUCATIONAL ATTAINMENT LEVEL!!High school graduate (includes equivalency)"
"S1501_C06_057E","Percent Females!!Estimate!!POVERTY RATE FOR THE POPULATION 25 YEARS AND OVER FOR WHOM POVERTY STATUS IS DETERMINED BY EDUCATIONAL ATTAINMENT LEVEL!!Some college or associate's degree"
"S1501_C06_057M","Percent Females!!Margin of Error!!POVERTY RATE FOR THE POPULATION 25 YEARS AND OVER FOR WHOM POVERTY STATUS IS DETERMINED BY EDUCATIONAL ATTAINMENT LEVEL!!Some college or associate's degree"
"S1501_C06_058E","Percent Females!!Estimate!!POVERTY RATE FOR THE POPULATION 25 YEARS AND OVER FOR WHOM POVERTY STATUS IS DETERMINED BY EDUCATIONAL ATTAINMENT LEVEL!!Bachelor's degree or higher"
"S1501_C06_058M","Percent Females!!Margin of Error!!POVERTY RATE FOR THE POPULATION 25 YEARS AND OVER FOR WHOM POVERTY STATUS IS DETERMINED BY EDUCATIONAL ATTAINMENT LEVEL!!Bachelor's degree or higher"
"S1501_C06_059E","Percent Females!!Estimate!!MEDIAN EARNINGS IN THE PAST 12 MONTHS (IN 2016 INFLATION-ADJUSTED DOLLARS)!!Population 25 years and over with earnings"
"S1501_C06_059M","Percent Females!!Margin of Error!!MEDIAN EARNINGS IN THE PAST 12 MONTHS (IN 2016 INFLATION-ADJUSTED DOLLARS)!!Population 25 years and over with earnings"
"S1501_C06_060E","Percent Females!!Estimate!!MEDIAN EARNINGS IN THE PAST 12 MONTHS (IN 2016 INFLATION-ADJUSTED DOLLARS)!!Population 25 years and over with earnings!!Less than high school graduate"
"S1501_C06_060M","Percent Females!!Margin of Error!!MEDIAN EARNINGS IN THE PAST 12 MONTHS (IN 2016 INFLATION-ADJUSTED DOLLARS)!!Population 25 years and over with earnings!!Less than high school graduate"
"S1501_C06_061E","Percent Females!!Estimate!!MEDIAN EARNINGS IN THE PAST 12 MONTHS (IN 2016 INFLATION-ADJUSTED DOLLARS)!!Population 25 years and over with earnings!!High school graduate (includes equivalency)"
"S1501_C06_061M","Percent Females!!Margin of Error!!MEDIAN EARNINGS IN THE PAST 12 MONTHS (IN 2016 INFLATION-ADJUSTED DOLLARS)!!Population 25 years and over with earnings!!High school graduate (includes equivalency)"
"S1501_C06_062E","Percent Females!!Estimate!!MEDIAN EARNINGS IN THE PAST 12 MONTHS (IN 2016 INFLATION-ADJUSTED DOLLARS)!!Population 25 years and over with earnings!!Some college or associate's degree"
"S1501_C06_062M","Percent Females!!Margin of Error!!MEDIAN EARNINGS IN THE PAST 12 MONTHS (IN 2016 INFLATION-ADJUSTED DOLLARS)!!Population 25 years and over with earnings!!Some college or associate's degree"
"S1501_C06_063E","Percent Females!!Estimate!!MEDIAN EARNINGS IN THE PAST 12 MONTHS (IN 2016 INFLATION-ADJUSTED DOLLARS)!!Population 25 years and over with earnings!!Bachelor's degree"
"S1501_C06_063M","Percent Females!!Margin of Error!!MEDIAN EARNINGS IN THE PAST 12 MONTHS (IN 2016 INFLATION-ADJUSTED DOLLARS)!!Population 25 years and over with earnings!!Bachelor's degree"
"S1501_C06_064E","Percent Females!!Estimate!!MEDIAN EARNINGS IN THE PAST 12 MONTHS (IN 2016 INFLATION-ADJUSTED DOLLARS)!!Population 25 years and over with earnings!!Graduate or professional degree"
"S1501_C06_064M","Percent Females!!Margin of Error!!MEDIAN EARNINGS IN THE PAST 12 MONTHS (IN 2016 INFLATION-ADJUSTED DOLLARS)!!Population 25 years and over with earnings!!Graduate or professional degree"
